Date,0C Magnetic Field - X ([nT]),0B Magnetic Field - Y ([nT]),0A Magnetic Field - Z ([nT]),
02-28-2015 15:33:00,-3582.99999999998,41288.8,72226.8,
02-28-2015 16:35:00,-3918.40000000001,43068.6,71205.2,
02-28-2015 17:27:00,-3882.4,42835.4,70541,
02-28-2015 18:29:00,-3751.2,43524.8,71029,
02-28-2015 19:31:00,-3634.19999999999,42446.2,71308.6,
02-28-2015 20:33:00,-3741.19999999998,42436.4,71788.6,
02-28-2015 21:35:00,-3986.6,42731.4,71283.8,
02-28-2015 22:37:00,-3781.4,43272,71214,
02-28-2015 23:39:00,-3703.60000000001,42079.4,71640.2,
03-01-2015 00:41:00,-3766.99999999999,42643.6,71172.6,
03-01-2015 02:44:00,-3825.39999999998,42601.2,71161.8,
03-01-2015 03:28:00,-3810.6,42384.6,70812.2,
03-01-2015 04:30:00,-3655.40000000002,42718.4,71228.8,
03-01-2015 05:32:00,-3934.00000000002,43095,70922.6,
03-01-2015 06:34:00,-3684.60000000002,42927,70962.8,
03-01-2015 07:36:00,-3699.20000000001,41999.8,71523.4,
03-01-2015 08:38:00,-3711.8,42139.4,71842.6,
03-01-2015 09:40:00,-3981.2,42487.8,71176.6,
03-01-2015 10:42:00,-3721.40000000001,41775.8,71930.8,
03-01-2015 11:44:00,-3655.19999999999,42084.4,71689,
03-01-2015 12:46:00,-3561.2,41740,71837.4,
03-01-2015 14:49:00,-3640.80000000002,42524.6,71666.6,
03-01-2015 15:51:00,-3626.80000000002,42348,71732.2,
03-01-2015 16:53:00,-3716.19999999999,42027.2,71547.2,
03-01-2015 17:55:00,-3921.8,42654.2,71079,
03-01-2015 18:57:00,-3546.40000000002,42854.2,70836.4,
03-01-2015 19:59:00,-3561.79999999999,42529.6,71652.8,
03-01-2015 21:01:00,-3630.8,42662.8,71289.4,
03-01-2015 22:03:00,-3954.60000000001,43045.6,71135.4,
03-01-2015 23:05:00,-3704.00000000002,42206.8,71430.4,
03-02-2015 00:07:00,-3587.00000000001,42365.6,71913.4,
03-02-2015 01:09:00,-4110.79999999999,42433,71292.8,
03-02-2015 02:11:00,-3976.60000000002,42772.8,71317.4,
03-02-2015 03:13:00,-3612.80000000002,42269,71222.8,
03-02-2015 04:15:00,-3748.80000000002,41743.6,71789.6,
03-02-2015 05:17:00,-4007.40000000002,42435.4,71286.8,
03-02-2015 06:19:00,-3801.99999999999,42300.6,71251.8,
03-02-2015 07:21:00,-3650.39999999999,42390.8,71746.2,
03-02-2015 08:23:00,-3662.19999999999,41661,71659.4,
03-02-2015 09:25:00,-3744.00000000001,42566,71578.6,
03-02-2015 10:27:00,-4083.79999999999,41913.4,71260.4,
03-02-2015 11:29:00,-3657.60000000002,42631,71150,
03-02-2015 12:31:00,-3579.40000000001,41581.8,71627.6,
03-02-2015 13:33:00,-3705.20000000001,42104,71703.4,
03-02-2015 14:35:00,-3940.00000000001,42966.4,71461.8,
03-02-2015 14:57:00,-3816.59999999999,42875,71521.4,
03-02-2015 15:59:00,-3622.00000000001,42970.6,71275.8,
03-02-2015 17:01:00,-3595.2,42164.4,71901.2,
03-02-2015 18:03:00,-4102.79999999998,42488.8,71354.4,
03-02-2015 19:05:00,-3738.8,42304.8,71274.6,
03-02-2015 20:07:00,-3663.2,41697.2,72022.8,
03-02-2015 21:09:00,-3709.00000000001,41707.8,71904,
03-02-2015 22:11:00,-4010.8,42747.4,71217.6,
03-02-2015 23:13:00,-3774.80000000001,42145.8,71332.8,
03-03-2015 00:15:00,-3620.79999999998,42095,71896.4,
03-03-2015 01:17:00,-3586.40000000001,40414.4,72622,
03-03-2015 02:19:00,-3613.79999999998,42942.4,71373.4,
03-03-2015 03:21:00,-3939.6,43069.4,70974,
03-03-2015 04:23:00,-3654.40000000001,42421,71614.6,
03-03-2015 05:25:00,-3558.19999999998,41373,71834.2,
03-03-2015 06:27:00,-3641.40000000002,40890.8,73156.8,
03-03-2015 07:29:00,-3900.00000000001,43440.6,71281.4,
03-03-2015 08:31:00,-3530.20000000002,42208,72057.6,
03-03-2015 09:33:00,-3774.4,42055.8,72130,
03-03-2015 10:35:00,-3643.8,41482.4,72153.2,
03-03-2015 11:37:00,-3860.99999999998,42625.4,71316,
03-03-2015 12:39:00,-3475.99999999999,42075.8,71599.6,
03-03-2015 13:41:00,-3599.40000000001,42289.8,71681.6,
03-03-2015 14:43:00,-3498,41635.8,71768.2,
03-03-2015 15:45:00,-3911.59999999999,42595.4,71384.6,
03-03-2015 16:47:00,-3520.39999999998,42023.2,71601.6,
03-03-2015 17:49:00,-3611.80000000001,42288.8,71789.6,
03-03-2015 18:51:00,-3584.4,42323.4,71646,
03-03-2015 19:53:00,-4014.6,42487.6,71351,
03-03-2015 20:55:00,-3671.60000000002,42308.4,71601,
03-03-2015 21:57:00,-3723.6,42086.4,71986,
03-03-2015 22:59:00,-4240.39999999999,43031.6,70928.8,
03-04-2015 00:01:00,-3954.00000000001,43453.6,71079.8,
03-04-2015 01:03:00,-3737.39999999998,42839.8,71078.6,
03-04-2015 02:05:00,-3723.40000000002,42719.6,71301.8,
03-04-2015 03:07:00,-4160.80000000001,43341.8,70469.4,
03-04-2015 04:09:00,-3828.80000000001,43571,71006.4,
03-04-2015 05:11:00,-3833.8,42525.2,71546,
03-04-2015 06:13:00,-3691.99999999998,42541.8,71373.6,
03-04-2015 07:15:00,-4063.2,43036.8,70845,
03-04-2015 08:17:00,-3888.8,43471.6,70940.2,
03-04-2015 09:19:00,-3631.4,42767.4,71440.8,
03-04-2015 10:21:00,-3605.20000000002,42242.8,71760.6,
03-04-2015 11:23:00,-3516.20000000001,41432.2,72221,
03-04-2015 12:25:00,-3992,42841.8,71521.2,
03-04-2015 13:27:00,-3602.2,42469.2,71655,
03-04-2015 14:29:00,-3562.00000000002,41910.8,71971.2,
03-04-2015 15:31:00,-3598.20000000002,42438.8,71442.2,
03-04-2015 16:33:00,-3920.00000000001,43208.2,71304.4,
03-04-2015 17:35:00,-3521.00000000002,42410.2,71528.2,
03-04-2015 18:37:00,-3592.59999999999,42094,71975.2,
03-04-2015 19:39:00,-3673.80000000002,42464,71519.4,
03-04-2015 20:41:00,-3946.40000000002,42905,70956.2,
03-04-2015 21:43:00,-3619.19999999998,42662,71511.6,
03-04-2015 22:45:00,-3551.4,42407.8,71510.2,
03-04-2015 23:47:00,-3634.6,42619.2,71555.6,
03-05-2015 00:49:00,-3900.79999999999,43184.2,70841.2,
03-05-2015 01:51:00,-3517.20000000002,42724.2,71751,
03-05-2015 02:53:00,-3536.59999999998,42312.8,71402.2,
03-05-2015 03:55:00,-3710.60000000001,43011,71327.6,
03-05-2015 04:57:00,-4104.2,42848.8,71251.4,
03-05-2015 05:59:00,-3628.00000000001,42695.8,71540,
03-05-2015 07:01:00,-3613.19999999998,42227.6,71468.2,
03-05-2015 08:03:00,-4159.8,43218.6,70588.8,
03-05-2015 09:05:00,-4006.19999999998,42981.8,70865.2,
03-05-2015 10:07:00,-3623.99999999998,41930.2,71708.8,
03-05-2015 11:09:00,-3735.40000000001,41851.2,72045.8,
03-05-2015 12:11:00,-3686.80000000001,41771.8,71659.4,
03-05-2015 13:13:00,-4199.00000000002,43052.2,71256,
03-05-2015 14:15:00,-3650.99999999998,42913,71250.6,
03-05-2015 15:17:00,-3574.19999999999,42059.4,71844.6,
03-05-2015 16:19:00,-3403,42150,71794,
03-05-2015 17:21:00,-3814.20000000001,42923.4,71480.4,
03-05-2015 18:23:00,-4156.6,43103,70940.6,
03-05-2015 19:25:00,-3933.00000000001,43487.8,70928,
03-05-2015 20:27:00,-3739.39999999999,42846.2,71382.6,
03-05-2015 21:29:00,-3619.19999999998,43212.6,71125.4,
03-05-2015 22:31:00,-3928.60000000002,43161.6,70741.8,
03-05-2015 23:33:00,-3748.59999999999,42846.8,71220.8,
03-06-2015 00:35:00,-3578.59999999999,42544.4,71190.4,
03-06-2015 01:37:00,-4037.20000000001,42870.2,70662.4,
03-06-2015 02:39:00,-3746.80000000001,43188,71104.4,
03-06-2015 03:41:00,-3686.59999999998,42502.2,71322.2,
03-06-2015 04:43:00,-4249.80000000001,43042.6,70889.6,
03-06-2015 05:45:00,-3977.99999999999,42812.4,71188,
03-06-2015 06:47:00,-3766.8,42655.2,71389,
03-06-2015 07:49:00,-3645.80000000001,42544,71183.6,
03-06-2015 08:51:00,-3673.4,42239.8,71536.2,
03-06-2015 09:53:00,-3986.19999999998,42556.6,71390,
03-06-2015 10:55:00,-3660.19999999998,42194.4,71712,
03-06-2015 11:57:00,-3597.80000000001,41680.4,72110.8,
03-06-2015 12:59:00,-3555.8,41730,72398.2,
03-06-2015 14:01:00,-3941.8,42699.6,71584.2,
03-06-2015 15:03:00,-3788.20000000002,42514.8,71583,
03-06-2015 17:06:00,-3685.39999999999,42677.8,71012.6,
03-06-2015 18:08:00,-4002.60000000001,42615,71039.8,
03-06-2015 19:10:00,-3908.60000000002,42564.6,71025,
03-06-2015 20:12:00,-3694.19999999998,42311,71080.2,
03-06-2015 21:14:00,-3708.79999999998,42542,71266.8,
03-06-2015 22:16:00,-3650.39999999999,42406.4,71293.2,
03-06-2015 23:18:00,-4016.60000000001,43182.6,70516.2,
03-07-2015 00:20:00,-3678.60000000002,42473.2,71333,
03-07-2015 01:22:00,-3748.40000000001,42398.2,71280.8,
03-07-2015 02:24:00,-4072.80000000001,42817.2,70724.4,
03-07-2015 03:26:00,-3640.40000000001,42119,71486.4,
03-07-2015 04:28:00,-3628.79999999999,42431.4,71376,
03-07-2015 05:30:00,-3880.2,42772.6,71034.8,
03-07-2015 06:32:00,-3581.00000000001,42591.6,71408.6,
03-07-2015 07:34:00,-3517.80000000002,42176.6,71811.4,
03-07-2015 08:36:00,-3684.00000000002,42296.6,71489.8,
03-07-2015 09:38:00,-3958.59999999999,43102.6,70438.2,
03-07-2015 10:40:00,-3525.6,42532.4,71650.2,
03-07-2015 11:42:00,-3588.79999999999,41867.8,71881,
03-07-2015 12:44:00,-3630.39999999999,41985.6,71745.2,
03-07-2015 13:46:00,-3976.39999999999,43189.6,71103.4,
03-07-2015 14:48:00,-3649.39999999998,42044.4,71881.2,
03-07-2015 15:50:00,-3549.99999999999,41966.4,71942.6,
03-07-2015 16:52:00,-3926.00000000001,42198.8,71765.8,
03-07-2015 17:54:00,-4025.80000000001,43691.4,70901.2,
03-07-2015 18:56:00,-3724.00000000002,43112.6,70758.8,
03-07-2015 19:58:00,-3790.40000000002,42491,71254.4,
03-07-2015 21:00:00,-3688.6,42577.4,70914.6,
03-07-2015 22:05:00,-3914.99999999998,43474.2,71391.8,
03-07-2015 23:07:00,-3876.4,43247.6,70514.4,
03-08-2015 00:09:00,-3984.4,43326,70625.8,
03-08-2015 01:11:00,-4226.00000000002,42654.6,70436.2,
03-08-2015 04:14:00,-3822.59999999999,42885.2,70934.6,
03-08-2015 05:16:00,-3761.59999999999,42413,71311.8,
03-08-2015 06:18:00,-4274.8,43230,70382.6,
03-08-2015 07:20:00,-4255.99999999999,43266.8,70313.8,
03-08-2015 08:22:00,-3957.80000000001,42848.6,70395.8,
03-08-2015 09:24:00,-3826.8,42634.8,70835,
03-08-2015 10:26:00,-4192.60000000001,42885.2,71023.2,
03-08-2015 11:28:00,-4067.40000000001,43057.6,71095.4,
03-08-2015 12:30:00,-3679.80000000001,41445.8,72592.8,
03-08-2015 13:32:00,-3771.39999999998,41887.2,71999.8,
03-08-2015 14:34:00,-3705.99999999999,42379.4,71728.8,
03-08-2015 15:36:00,-4111.8,43944,70855.4,
03-08-2015 16:38:00,-4007.79999999998,42924.6,70997.6,
03-08-2015 17:40:00,-3763.6,42823.6,71065.6,
03-08-2015 18:42:00,-3700.80000000002,42365.8,71013,
03-08-2015 19:44:00,-4158.99999999998,43888,69924.4,
03-08-2015 20:46:00,-3964.4,42912,70019.2,
03-08-2015 21:48:00,-3793.20000000001,42851.4,70347.8,
03-08-2015 22:50:00,-4038.59999999998,42994,70226.4,
03-08-2015 23:52:00,-3792.2,42895.2,70789.8,
03-09-2015 00:54:00,-3704.60000000001,42632.6,70699.8,
03-09-2015 01:56:00,-4326.6,43728.8,69800,
03-09-2015 02:58:00,-4462.40000000002,42069.2,70974.2,
03-09-2015 04:00:00,-4399.40000000001,44041.4,68952.6,
03-09-2015 05:05:00,-5059.60000000001,44934.8,67652.2,
03-09-2015 06:07:00,-6776.39999999999,46501.4,65091.6,
03-09-2015 07:09:00,-9801.59999999999,49581.4,62006.6,
03-09-2015 08:11:00,-10041.8,48612,62513.6,
03-09-2015 09:13:00,-10024,49717,61985.2,
03-09-2015 10:15:00,-4423.39999999999,42812.8,69621.2,
03-09-2015 11:17:00,-4576.6,44035.8,69633.4,
03-09-2015 12:19:00,-4519.80000000001,43457.6,69223.8,
03-09-2015 13:21:00,-4325.19999999998,43432.8,69749.4,
03-09-2015 14:23:00,-4238.19999999999,43333.6,69787.6,
03-09-2015 15:25:00,-4456.79999999999,43161.4,70031.8,
03-09-2015 16:27:00,-4344.20000000002,43637,69717.8,
03-09-2015 17:29:00,-4015.2,43306,70568.8,
03-09-2015 18:31:00,-3822.80000000002,42633.6,70720.6,
03-09-2015 19:33:00,-4521.19999999998,44378,68755.6,
03-09-2015 20:35:00,-5020.39999999999,44707.4,67778.6,
03-09-2015 21:37:00,-4753.00000000001,44102.6,68315.4,
03-09-2015 22:39:00,-5017.19999999999,43960.8,67722.8,
03-09-2015 23:41:00,-5173.79999999998,44638.4,67528.4,
03-10-2015 00:43:00,-8235.20000000002,47196.6,64130.6,
03-10-2015 01:45:00,-10072.2,49911,61516.2,
03-10-2015 02:47:00,-10174.2,50445.6,59751.6,
03-10-2015 03:49:00,-10269,50939,60953,
03-10-2015 04:51:00,-10086.8,49734.8,61215.4,
03-10-2015 05:53:00,-10046.8,49662.4,61569.8,
03-10-2015 06:55:00,-10136.2,50292.8,60714,
03-10-2015 07:57:00,-10268,49911,60689.6,
03-10-2015 08:59:00,-10337.4,48932.2,60667.6,
03-10-2015 10:01:00,-4340.79999999999,42325.6,70888.8,
03-10-2015 11:03:00,-4931.8,44402.4,69425,
03-10-2015 12:05:00,-4578.39999999998,43691.4,69766.6,
03-10-2015 13:07:00,-4599.00000000002,43945.6,70118.8,
03-10-2015 14:09:00,-4068.40000000002,43112.6,70822.6,
03-10-2015 15:11:00,-4052.80000000001,42888.4,71149,
03-10-2015 16:13:00,-4503.00000000001,43336,70822.8,
03-10-2015 17:15:00,-4257.19999999998,43678.6,70332.4,
03-10-2015 18:17:00,-4010.39999999999,44480,70052.2,
03-10-2015 19:19:00,-4311.40000000001,45282.8,69016.6,
03-10-2015 20:21:00,-4416.39999999999,43755.2,69044.2,
03-10-2015 21:23:00,-4799.40000000001,43551.6,68696.4,
03-10-2015 22:25:00,-4878.20000000001,43251.6,68544.8,
03-10-2015 23:27:00,-5114.8,44779.4,67593.4,
03-11-2015 00:29:00,-5418.60000000001,45141,67039.6,
03-11-2015 01:31:00,-5176.8,44732.8,67509.6,
03-11-2015 02:33:00,-5793.60000000002,45005.4,66297.6,
03-11-2015 03:35:00,-5554.39999999998,45108.6,66517.8,
03-11-2015 04:37:00,-5442.20000000002,45492.2,66502.8,
03-11-2015 05:39:00,-5629.00000000002,45980.8,66055.2,
03-11-2015 06:41:00,-8449.99999999998,48046,63297.4,
03-11-2015 07:43:00,-10166.8,50084.4,60182.4,
03-11-2015 08:45:00,-9788.59999999999,49288.8,60934.2,
03-11-2015 09:47:00,-4458.20000000001,42358,70518.4,
03-11-2015 10:49:00,-4549.40000000001,42655.2,70423.6,
03-11-2015 11:51:00,-4400.79999999998,43844.6,70143,
03-11-2015 12:53:00,-4391.20000000002,43929.4,70105.2,
03-11-2015 13:55:00,-4120.59999999999,43080.4,71085.2,
03-11-2015 14:57:00,-4130.2,42421,70875,
03-11-2015 15:59:00,-4573.60000000002,43990.2,70184.6,
03-11-2015 16:00:00,-4479.59999999998,43904.4,70312.2,
03-11-2015 17:05:00,-4253.39999999999,44212.6,70313.6,
03-11-2015 18:07:00,-4217.40000000002,43419.4,70643.4,
03-11-2015 19:09:00,-4443.99999999998,44879.8,69299.6,
03-11-2015 20:11:00,-4877.2,45403.4,68431.6,
03-11-2015 21:13:00,-4538.00000000002,43897.4,68856.6,
03-11-2015 21:24:00,-4493.20000000002,43826.4,68958.6,
03-11-2015 22:26:00,-4892.4,42870.8,69404.6,
03-11-2015 23:28:00,-4735.99999999998,43822.8,69358.8,
03-12-2015 00:30:00,-5084.40000000001,44499.2,67818,
03-12-2015 01:32:00,-5269.2,44047.8,67844.8,
03-12-2015 02:34:00,-5116.80000000001,44876.4,67760.2,
03-12-2015 03:36:00,-5242.2,44733,67593,
03-12-2015 04:38:00,-5306.4,44828.8,67387.4,
03-12-2015 05:40:00,-5664.60000000002,44874.2,67201.2,
03-12-2015 06:42:00,-5682.19999999999,45220.4,66812.2,
03-12-2015 07:44:00,-5751.39999999998,45141.6,66558.6,
03-12-2015 08:46:00,-5944.40000000001,45548.2,66218.8,
03-12-2015 09:48:00,-4686.2,43895,68711,
03-12-2015 10:50:00,-4885.99999999999,43199.6,70362.4,
03-12-2015 11:52:00,-4771.59999999999,44030.8,69581,
03-12-2015 12:54:00,-4545.00000000002,43138.8,69795,
03-12-2015 13:56:00,-4411.59999999998,42676.6,69866.2,
03-12-2015 14:58:00,-4906.4,44094.8,68847.8,
03-12-2015 16:00:00,-4724.40000000001,43683.8,69126.8,
03-12-2015 17:05:00,-4545.60000000002,44143.8,68942.8,
03-12-2015 18:07:00,-4604.79999999999,44131.6,68941.4,
03-12-2015 19:09:00,-6249.80000000002,46233.2,65781.2,
03-12-2015 20:11:00,-8540.4,48496.6,63377.8,
03-12-2015 21:13:00,-9999.40000000001,50011.2,61556.2,
03-12-2015 22:15:00,-10276,50219.2,61341.6,
03-12-2015 23:17:00,-10162.8,49453.6,61927,
03-13-2015 00:19:00,-10208,50400.4,61649.8,
03-13-2015 01:21:00,-10200.6,48857.6,62296,
03-13-2015 02:23:00,-10292.8,49575.4,62494.6,
03-13-2015 03:25:00,-10958.8,49920.6,61360.2,
03-13-2015 04:27:00,-10920.8,50538.4,61609,
03-13-2015 05:29:00,-10651,49937.6,61867.8,
03-13-2015 06:31:00,-10644.4,50743.4,61394,
03-13-2015 07:33:00,-10357.8,50204,61775,
03-13-2015 08:35:00,-10616.8,50184.2,60565.6,
03-13-2015 09:37:00,-5510.59999999999,45191.4,66804.2,
03-13-2015 10:39:00,-5815.4,44954.2,67767.4,
03-13-2015 11:41:00,-5756.40000000002,45792.8,68205.8,
03-13-2015 12:43:00,-5552.6,44878.6,67999.4,
03-13-2015 13:45:00,-5155.39999999999,44511.6,68689.6,
03-13-2015 14:47:00,-4788.60000000001,44192.8,69006.8,
03-13-2015 15:49:00,-5188.00000000001,44637,68522.4,
03-13-2015 16:51:00,-4532.39999999999,43434,69498.6,
03-13-2015 17:53:00,-4591.79999999999,43360.2,69290.8,
03-13-2015 18:55:00,-5946.19999999999,45619.8,66979.2,
03-13-2015 19:57:00,-5598.59999999999,45257.2,66988.2,
03-13-2015 20:59:00,-6123.2,45472,65558.8,
03-13-2015 22:01:00,-6203.40000000001,45574.8,65348.6,
03-13-2015 23:03:00,-10115.4,50104.4,61407.2,
03-14-2015 00:05:00,-10266.6,50489.2,59515.2,
03-14-2015 01:07:00,-10179.2,50335.8,59917.8,
03-14-2015 02:09:00,-10166.4,49721.8,60311.6,
03-14-2015 03:11:00,-10144.4,49939,60072.6,
03-14-2015 04:13:00,-10116,51108.8,59509.4,
03-14-2015 05:15:00,-10017.2,50498.6,60136,
03-14-2015 06:17:00,-10229.8,50042.2,60228,
03-14-2015 07:19:00,-9063,48666.6,63337.2,
03-14-2015 08:21:00,-5752.39999999999,45673.6,66236,
03-14-2015 09:23:00,-5049.4,45213.8,68104,
03-14-2015 10:25:00,-5485.00000000001,45143.2,69336,
03-14-2015 11:27:00,-4974.59999999998,45271.6,70053.6,
03-14-2015 12:29:00,-4592.00000000002,43878,70312,
03-14-2015 13:31:00,-4225.2,43431.8,71047,
03-14-2015 14:33:00,-4044.20000000001,42121.4,71488.4,
03-14-2015 15:35:00,-4406,43025.8,70904.2,
03-14-2015 16:37:00,-4414.00000000001,42992.2,71156,
03-14-2015 17:39:00,-4035.79999999999,43226.6,71251.6,
03-14-2015 18:41:00,-4166.8,43802.6,70902.2,
03-14-2015 19:43:00,-4070.00000000002,43047.8,70807.2,
03-14-2015 20:45:00,-4425.59999999998,43152.8,70933.6,
03-14-2015 21:47:00,-4220.8,43019.4,70828.4,
03-14-2015 22:49:00,-3939.6,42694.6,71219.4,
03-14-2015 23:51:00,-4477.00000000002,43308.6,70471.4,
03-15-2015 00:53:00,-4342.20000000001,43439,70614.8,
03-15-2015 02:56:00,-4101.19999999998,43729.6,70854.2,
03-15-2015 03:58:00,-4648.80000000001,43693.2,70419.4,
03-15-2015 05:00:00,-4538.99999999998,43858.2,70630.6,
03-15-2015 06:05:00,-4127.59999999999,43328,71362,
03-15-2015 07:07:00,-4018.20000000002,42760,71026.6,
03-15-2015 08:09:00,-4517.79999999999,43672,70595.6,
03-15-2015 09:11:00,-4294.99999999998,43484,70949.2,
03-15-2015 10:13:00,-3954.2,42717,71566,
03-15-2015 11:15:00,-3911.59999999999,42492.2,71516.8,
03-15-2015 12:17:00,-4420,43375.2,71147,
03-15-2015 13:19:00,-4067.80000000002,43044.8,71362.8,
03-15-2015 14:21:00,-3838.79999999999,42682.8,71350,
03-15-2015 15:23:00,-3799.39999999999,43266.2,71437,
03-15-2015 16:25:00,-3871.19999999999,42917.4,71315.4,
03-15-2015 17:27:00,-4305.40000000002,41918.4,72450.2,
03-15-2015 18:29:00,-4182.80000000002,43021.2,70966,
03-15-2015 19:31:00,-3883.80000000002,43123.6,71421,
03-15-2015 20:33:00,-3910.4,43110.4,71202.4,
03-15-2015 21:35:00,-3975.8,42718.2,71397.8,
03-15-2015 22:37:00,-4258.40000000002,42345,71451.4,
03-15-2015 23:39:00,-4045.59999999998,43141.6,70977,
03-16-2015 00:41:00,-4028.79999999999,43022.8,70835.2,
03-16-2015 01:43:00,-4510.2,43208,70866,
03-16-2015 02:45:00,-4365.80000000002,43285.8,70825,
03-16-2015 03:47:00,-4084.00000000002,43267.8,70818.6,
03-16-2015 04:49:00,-4009.2,42932.6,70979.6,
03-16-2015 05:51:00,-4599.60000000001,44094.2,70167.8,
03-16-2015 06:53:00,-4330.4,43873,70113.8,
03-16-2015 07:55:00,-3992.40000000001,43103.4,71299.6,
03-16-2015 08:57:00,-4039.20000000002,43502,71315.4,
03-16-2015 09:59:00,-4462.00000000001,43688.6,71013.8,
03-16-2015 11:01:00,-4212.39999999998,43028.4,71479.8,
03-16-2015 12:03:00,-3796.40000000001,43104.2,71290,
03-16-2015 13:05:00,-3898.40000000001,42778.8,71362.6,
03-16-2015 14:07:00,-4578.60000000001,43436.6,70841.8,
03-16-2015 15:09:00,-4158.00000000002,43354.4,71531.6,
03-16-2015 16:11:00,-3825.79999999999,42553.8,71697.2,
03-16-2015 17:13:00,-3919.00000000001,42725.8,71439.2,
03-16-2015 18:15:00,-3929.80000000001,42682.8,71891,
03-16-2015 18:16:00,-3777.00000000001,42812.2,71704,
03-16-2015 19:18:00,-4146.20000000001,43335.8,71191,
03-16-2015 20:20:00,-3965,42968.8,71211.4,
03-16-2015 21:22:00,-3948.8,42623.4,71486.2,
03-16-2015 22:24:00,-4370.99999999999,43433.6,71108.2,
03-16-2015 23:26:00,-3920.00000000001,42635.8,71452.2,
03-17-2015 00:28:00,-4084.00000000002,43119.2,71489.4,
03-17-2015 01:30:00,-4223.40000000001,42560.6,71251.6,
03-17-2015 02:32:00,-3948.8,42639.8,71537.4,
03-17-2015 03:34:00,-3778.79999999999,42121.8,71775.6,
03-17-2015 04:36:00,-4471.99999999999,42815.6,71333.2,
03-17-2015 05:38:00,-4081.40000000001,42718.2,71167.2,
03-17-2015 06:40:00,-3934.2,42751,71610.6,
03-17-2015 07:42:00,-3772.8,42206,71464,
03-17-2015 08:44:00,-3781.80000000001,42281.8,71765,
03-17-2015 09:46:00,-4063.99999999998,42630.8,71442.8,
03-17-2015 10:48:00,-3852.39999999998,42569.6,71515.2,
03-17-2015 10:49:00,-3826.39999999999,42557.6,71564,
03-17-2015 10:50:00,-3659.80000000001,42674.4,71370.4,
03-17-2015 10:51:00,-3653.59999999999,42658.6,71387.4,
03-17-2015 10:52:00,-3638.99999999999,42636.4,71394,
03-17-2015 11:54:00,-3716.6,42631.4,71621.2,
03-17-2015 12:56:00,-3731.39999999998,42357,71857.4,
03-17-2015 13:58:00,-4225.00000000001,41965.6,71825.2,
03-17-2015 15:00:00,-3924.40000000001,42783.4,71798.8,
03-17-2015 16:05:00,-3750.79999999999,42843.2,71697.8,
03-17-2015 17:07:00,-3829.40000000001,42798.8,71724.2,
03-17-2015 18:09:00,-4306.6,43826.6,70968.8,
03-17-2015 19:11:00,-3929.99999999999,43001.6,71374.6,
03-17-2015 20:13:00,-3898.40000000001,43051.8,71493.2,
03-17-2015 21:15:00,-4441.40000000002,43473.2,71070.8,
03-17-2015 21:16:00,-4373.19999999999,43390.4,71164.6,
03-17-2015 21:17:00,-4375.60000000001,43396,71154.8,
03-17-2015 21:18:00,-4173.60000000002,43510.6,70977.6,
03-17-2015 21:19:00,-4157.19999999999,43495,70995.8,
03-17-2015 21:20:00,-4090.00000000002,43324.8,71149.8,
03-17-2015 22:22:00,-4192.00000000002,43173,71160.4,
03-17-2015 22:23:00,-4130.79999999999,43095.8,71230,
03-17-2015 22:24:00,-4226.60000000001,43140.2,71240.2,
03-17-2015 22:25:00,-4217,43125,71266.8,
03-17-2015 22:26:00,-4149.40000000001,43155.2,71209,
03-17-2015 22:27:00,-4131.60000000001,43117.8,71261.6,
03-17-2015 22:28:00,-4101.59999999999,43071.8,71293.2,
03-17-2015 22:29:00,-4122.19999999999,43097,71273.2,
03-17-2015 22:30:00,-4305.40000000002,43024.6,71414,
03-17-2015 22:31:00,-4133.59999999998,43167.8,71207.4,
03-17-2015 23:33:00,-3891.59999999999,42917.4,71664.6,
03-17-2015 23:34:00,-3831.6,42874.4,71731,
03-17-2015 23:35:00,-3823,42840.8,71756.2,
03-17-2015 23:36:00,-3911.80000000002,42851,71763.2,
03-17-2015 23:37:00,-3857,42892.6,71710.8,
03-17-2015 23:38:00,-3803.19999999998,42815.4,71791.8,
03-17-2015 23:39:00,-3832.00000000001,42837.2,71764.6,
03-17-2015 23:40:00,-3826.2,42829.4,71769.6,
03-18-2015 00:42:00,-4120.4,43099.8,71091.6,
03-18-2015 00:43:00,-4170.79999999999,43099.4,71134.2,
03-18-2015 00:44:00,-4091.39999999999,43098.6,71102,
03-18-2015 00:45:00,-4042.00000000001,43024.4,71186.6,
03-18-2015 00:46:00,-4026.40000000001,42991.8,71192.8,
03-18-2015 00:47:00,-4026.80000000002,42978.6,71199.6,
03-18-2015 00:48:00,-4017.60000000002,42963.8,71205.2,
03-18-2015 00:49:00,-4014.19999999999,42950.2,71214.8,
03-18-2015 00:50:00,-4043.39999999999,42963,71188,
03-18-2015 00:51:00,-4030.39999999999,42927.8,71221.8,
03-18-2015 00:52:00,-4033.59999999999,42927.6,71200.6,
03-18-2015 00:53:00,-4211.6,42847.4,71352,
03-18-2015 00:54:00,-4221.59999999998,42859.2,71342,
03-18-2015 00:55:00,-4037.8,42974,71145.8,
03-18-2015 00:56:00,-4002.00000000002,42841.4,71264.6,
03-18-2015 00:57:00,-4046.20000000002,42861.2,71216,
03-18-2015 00:58:00,-4131.99999999998,42908.8,71214.4,
03-18-2015 00:59:00,-4147.59999999998,42904,71228.2,
03-18-2015 01:00:00,-4087.80000000002,42936.2,71176.6,
03-18-2015 01:04:00,-4053.80000000002,43355.8,71339.6,
03-18-2015 01:05:00,-4048.6,43353.2,71348.2,
03-18-2015 01:06:00,-4044.60000000002,43369.8,71344.6,
03-18-2015 01:07:00,-4002.2,43284,71427,
03-18-2015 01:08:00,-4002.8,43269.4,71430.2,
03-18-2015 01:09:00,-4020.19999999998,43281.8,71427.6,
03-18-2015 01:10:00,-4043.39999999999,43305.6,71397.4,
03-18-2015 02:12:00,-3946.19999999999,42633.6,71602.8,
03-18-2015 02:13:00,-3748,42757.8,71434.6,
03-18-2015 02:14:00,-3690.39999999998,42618.6,71564.4,
03-18-2015 02:15:00,-3718.2,42639.8,71545.8,
03-18-2015 02:16:00,-3714.59999999999,42621.2,71560,
03-18-2015 02:17:00,-3809,42678,71538.4,
03-18-2015 02:18:00,-3804.00000000001,42656.2,71561.8,
03-18-2015 02:19:00,-3803.19999999998,42645.4,71560.2,
03-18-2015 02:20:00,-3746.20000000001,42698,71501,
03-18-2015 02:21:00,-3747.20000000002,42696.2,71493.4,
03-18-2015 02:22:00,-3720.59999999998,42667,71516.4,
03-18-2015 02:23:00,-3718.00000000002,42688,71509,
03-18-2015 02:24:00,-3717.79999999999,42683.4,71510.4,
03-18-2015 02:25:00,-3715.40000000001,42652.2,71524.2,
03-18-2015 02:26:00,-3727.20000000002,42683.4,71509.4,
03-18-2015 02:27:00,-3723.40000000002,42683,71514.6,
03-18-2015 02:28:00,-3669.79999999999,42592.8,71591.4,
03-18-2015 02:29:00,-3682.40000000002,42598.4,71577.8,
03-18-2015 02:30:00,-3693.4,42622.8,71567.4,
03-18-2015 03:32:00,-3927.60000000001,42539.8,71859.2,
03-18-2015 03:33:00,-3905,42511.6,71892.8,
03-18-2015 03:34:00,-3744.2,42658.4,71701,
03-18-2015 03:35:00,-3683.39999999998,42514,71834.4,
03-18-2015 03:36:00,-3722.6,42530.8,71800.6,
03-18-2015 03:37:00,-3811.00000000001,42575.8,71786.2,
03-18-2015 03:38:00,-3759.8,42616.2,71735.8,
03-18-2015 03:39:00,-3755.40000000001,42609.6,71742.2,
03-18-2015 03:40:00,-3752.39999999999,42606.4,71741.4,
03-18-2015 03:41:00,-3758.2,42585.4,71740.8,
03-18-2015 03:42:00,-3708.79999999998,42501.6,71817.8,
03-18-2015 03:43:00,-3732.99999999999,42518.4,71794.4,
03-18-2015 03:44:00,-3738.00000000002,42528.6,71788.2,
03-18-2015 03:45:00,-3915.39999999999,42463.4,71931.4,
03-18-2015 03:46:00,-3918.79999999998,42456,71941.6,
03-18-2015 03:47:00,-3748.80000000002,42599.6,71731.8,
03-18-2015 03:48:00,-3750.00000000001,42616.2,71722.4,
03-18-2015 03:49:00,-3758.8,42619.2,71729.6,
03-18-2015 03:50:00,-3763.19999999999,42635.4,71714.4,
03-18-2015 03:51:00,-3766.60000000002,42634.6,71712.4,
03-18-2015 03:52:00,-3678.20000000001,42472.8,71845.4,
03-18-2015 03:53:00,-3707.20000000002,42490,71822.8,
03-18-2015 03:54:00,-3708.79999999998,42496,71817.8,
03-18-2015 03:55:00,-3703.79999999999,42492.8,71823.6,
03-18-2015 03:56:00,-3689.79999999999,42486.8,71821.2,
03-18-2015 03:57:00,-3788.80000000001,42528.4,71824.6,
03-18-2015 03:58:00,-3802.40000000001,42547.2,71807.2,
03-18-2015 03:59:00,-3788.20000000002,42522.6,71828.8,
03-18-2015 04:00:00,-3745.39999999999,42587.6,71764.8,
03-18-2015 04:04:00,-4198.2,43159,70955.6,
03-18-2015 04:05:00,-4212.39999999998,43181.2,70936.8,
03-18-2015 04:06:00,-4209.59999999999,43172.4,70949.4,
03-18-2015 04:07:00,-4195.20000000002,43153.6,70963,
03-18-2015 04:08:00,-4192.2,43149.6,70965.6,
03-18-2015 04:09:00,-4180.99999999999,43138.8,70976.2,
03-18-2015 04:10:00,-4350.59999999998,43053.6,71127.4,
03-18-2015 05:12:00,-4261.20000000001,43199.6,71244.8,
03-18-2015 05:13:00,-4244,43195.6,71269.8,
03-18-2015 05:14:00,-4231.79999999999,43169,71302.6,
03-18-2015 05:15:00,-4232.79999999999,43175.8,71306.6,
03-18-2015 05:16:00,-4229.80000000002,43149.6,71326.2,
03-18-2015 05:17:00,-4224.79999999998,43152,71323,
03-18-2015 05:18:00,-4225.39999999998,43147.8,71335.4,
03-18-2015 05:19:00,-4047.40000000001,43287.8,71127.8,
03-18-2015 05:20:00,-4035.19999999999,43275.8,71132,
03-18-2015 07:25:00,-3826.2,42968.2,71432.6,
03-18-2015 10:32:00,-3967.40000000002,42457,71474,
03-18-2015 13:38:00,-3701,42279.8,71554,
03-18-2015 14:40:00,-4017.99999999999,42577.4,71253.4,
03-18-2015 14:41:00,-4003.99999999999,42569.6,71278,
03-18-2015 17:47:00,-3619.80000000002,42114,71670,
